,City,Lat,Lng,Max Temp,Humidity,Cloudiness,Wind Speed,Country,Date
0,east london,-33.0153,27.9116,72.54,94,75,17.27,ZA,1638712351
1,dunedin,-45.8742,170.5036,48.7,80,99,9.44,NZ,1638712347
2,bluff,-46.6,168.3333,47.8,68,76,14.07,NZ,1638712344
3,senneterre,48.3835,-77.2328,1.62,89,62,6.17,CA,1638712463
4,la palma,33.8464,-118.0467,59.49,95,90,1.99,US,1638712463
5,hilo,19.7297,-155.09,71.33,90,75,0.0,US,1638712344
6,albany,42.6001,-73.9662,34.52,81,100,3.29,US,1638712341
7,upernavik,72.7868,-56.1549,25.61,65,100,7.72,GL,1638712338
8,pacific grove,36.6177,-121.9166,51.42,93,90,3.0,US,1638712463
9,salalah,17.0151,54.0924,82.49,39,0,13.8,OM,1638712187
10,rikitea,-23.1203,-134.9692,75.09,76,77,7.92,PF,1638712341
11,hargeysa,9.56,44.065,69.21,51,0,15.14,SO,1638712331
12,mataura,-46.1927,168.8643,47.48,99,100,0.51,NZ,1638712339
13,biltine,14.5333,20.9167,93.38,13,90,4.81,TD,1638712364
14,pangnirtung,66.1451,-65.7125,19.4,93,90,16.11,CA,1638712352
15,mabaruma,8.2,-59.7833,82.49,71,56,5.28,GY,1638712464
16,bonham,33.5773,-96.1783,63.91,82,90,8.05,US,1638712464
17,lagoa,39.05,-27.9833,62.96,75,100,13.24,PT,1638712340
18,esperance,-33.8667,121.9,62.44,82,100,10.76,AU,1638712357
19,hithadhoo,-0.6,73.0833,81.75,81,100,16.71,MV,1638712352
20,hermanus,-34.4187,19.2345,67.8,89,85,12.28,ZA,1638712352
21,sioux lookout,50.1001,-91.917,12.58,92,90,6.91,CA,1638712464
22,lira,2.235,32.9097,87.1,27,100,5.55,UG,1638712364
23,ambulu,-8.345,113.6058,77.86,88,100,4.72,ID,1638712464
24,atuona,-9.8,-139.0333,77.79,75,0,16.06,PF,1638712359
25,inhambane,-23.865,35.3833,87.78,70,20,15.99,MZ,1638712464
26,kabansk,52.0486,106.6528,18.09,88,48,5.82,RU,1638712465
27,yellowknife,62.456,-114.3525,-23.28,76,20,10.36,CA,1638712341
28,cidreira,-30.1811,-50.2056,74.39,75,59,11.7,BR,1638712368
29,busselton,-33.65,115.3333,62.1,69,0,17.94,AU,1638712345
30,georgetown,5.4112,100.3354,81.9,74,20,5.99,MY,1638712363
31,mount gambier,-37.8333,140.7667,48.11,87,78,5.75,AU,1638712341
32,hobart,-42.8794,147.3294,58.86,75,90,13.8,AU,1638712343
33,chuy,-33.6971,-53.4616,71.8,68,58,9.04,UY,1638712353
34,orocue,4.7912,-71.3354,86.49,52,97,11.83,CO,1638712372
35,vaini,-21.2,-175.2,77.16,88,40,8.05,TO,1638712338
36,port hardy,50.6996,-127.4199,39.2,93,40,3.44,CA,1638712338
37,khatanga,71.9667,102.5,-19.5,96,100,14.32,RU,1638712340
38,saskylakh,71.9167,114.0833,-22.88,95,100,14.07,RU,1638712364
39,lebu,-37.6167,-73.65,64.15,58,0,15.43,CL,1638712344
40,namatanai,-3.6667,152.4333,77.9,91,100,8.86,PG,1638712369
41,axim,4.8699,-2.2405,85.1,68,93,9.44,GH,1638712331
42,kodiak,57.79,-152.4072,24.31,93,90,4.61,US,1638712177
43,butaritari,3.0707,172.7902,81.99,81,57,14.9,KI,1638712353
44,bambous virieux,-20.3428,57.7575,84.45,65,40,11.5,MU,1638712363
45,torbay,47.6666,-52.7314,32.76,80,40,5.75,CA,1638712344
46,punta arenas,-53.15,-70.9167,50.11,57,20,20.71,CL,1638712339
47,muros,42.7762,-9.0603,57.09,78,67,14.29,ES,1638712466
48,lorengau,-2.0226,147.2712,83.12,83,100,11.9,PG,1638712466
49,ushuaia,-54.8,-68.3,47.86,66,40,20.71,AR,1638712300
50,bud,39.447,-86.1758,38.7,70,100,10.54,US,1638712466
51,bredasdorp,-34.5322,20.0403,67.28,78,74,9.57,ZA,1638712339
52,victoria,22.2855,114.1577,68.25,48,15,3.0,HK,1638712077
53,hambantota,6.1241,81.1185,80.56,79,24,0.81,LK,1638712376
54,belaya kholunitsa,58.84,50.8528,1.2,94,80,6.15,RU,1638712467
55,meru,0.0463,37.6559,65.59,86,97,5.01,KE,1638712467
56,saint-philippe,-21.3585,55.7679,82.22,76,12,11.32,RE,1638712351
57,carnarvon,-24.8667,113.6333,78.87,61,0,16.11,AU,1638712363
58,tuktoyaktuk,69.4541,-133.0374,-14.96,82,100,7.34,CA,1638712352
59,hasaki,35.7333,140.8333,45.0,61,85,10.49,JP,1638712354
60,new norfolk,-42.7826,147.0587,58.5,94,0,2.15,AU,1638712339
61,asau,46.4333,26.4,38.95,72,99,1.23,RO,1638712354
62,danielskuil,-28.1887,23.5395,74.12,31,34,25.52,ZA,1638712467
63,nanortalik,60.1432,-45.2371,29.57,77,100,35.41,GL,1638712360
64,faanui,-16.4833,-151.75,80.53,69,44,13.42,PF,1638712346
65,cape town,-33.9258,18.4232,69.28,79,40,3.0,ZA,1638712234
66,lufilufi,-13.8745,-171.5986,74.98,75,94,4.23,WS,1638712468
67,riyadh,24.6877,46.7219,78.94,25,12,9.84,SA,1638712201
68,saint-paul,-21.0096,55.2707,82.74,77,45,4.25,RE,1638712468
69,qaanaaq,77.484,-69.3632,13.5,66,69,7.94,GL,1638712349
70,bowen,-20.0167,148.2333,77.22,71,0,18.48,AU,1638712468
71,guerrero negro,27.9769,-114.0611,60.35,89,30,11.79,MX,1638712352
72,gbadolite,4.2833,21.0167,93.42,35,83,6.17,CD,1638712468
73,grand gaube,-20.0064,57.6608,84.6,67,22,8.01,MU,1638712468
74,caxito,-8.5785,13.6643,86.65,53,58,5.21,AO,1638712468
75,geraldton,-28.7667,114.6,72.01,68,0,20.71,AU,1638712388
76,tukrah,32.5341,20.5791,65.21,67,52,14.2,LY,1638712468
77,mlimba,-8.8,35.8167,89.53,43,94,10.16,TZ,1638712468
78,marsh harbour,26.5412,-77.0636,77.29,74,87,15.59,BS,1638712360
79,sur,22.5667,59.5289,75.79,64,0,8.14,OM,1638712356
80,jawhar,2.7809,45.5005,85.28,51,70,17.69,SO,1638712469
81,dalvik,65.9702,-18.5286,35.53,73,100,16.15,IS,1638712469
82,jamestown,42.097,-79.2353,33.03,83,90,1.99,US,1638712345
83,esso,55.9333,158.7,1.09,91,85,9.86,RU,1638712469
84,isangel,-19.55,169.2667,76.93,87,14,7.27,VU,1638712359
85,nemuro,43.3236,145.575,34.45,65,1,15.08,JP,1638712395
86,kavieng,-2.5744,150.7967,82.42,79,100,10.07,PG,1638712346
87,abadiania,-16.2042,-48.7069,76.12,60,43,3.74,BR,1638712469
88,porto walter,-8.2686,-72.7439,73.44,99,100,1.97,BR,1638712469
89,luganville,-15.5333,167.1667,77.61,82,4,4.05,VU,1638712342
90,zhaoyuan,37.3592,120.3964,41.65,77,0,8.34,CN,1638712469
91,ilulissat,69.2167,-51.1,33.73,54,100,17.34,GL,1638712383
92,puerto ayora,-0.7393,-90.3518,70.07,84,78,8.77,EC,1638712357
93,dikson,73.5069,80.5464,8.8,96,100,8.08,RU,1638712363
94,sorong,-0.8833,131.25,80.8,81,100,9.28,ID,1638712470
95,vila franca do campo,37.7167,-25.4333,68.2,72,29,3.42,PT,1638712385
96,bulata,9.8599,122.4016,78.71,77,100,15.93,PH,1638712470
97,alpena,45.0617,-83.4327,27.18,57,100,4.32,US,1638712470
98,koungou,-12.7336,45.2042,87.51,66,0,5.75,YT,1638712470
99,arlit,18.7369,7.3853,86.59,9,4,3.78,NE,1638712470
100,tuatapere,-46.1333,167.6833,47.82,87,100,4.23,NZ,1638712391
101,waingapu,-9.6567,120.2641,79.81,83,100,5.14,ID,1638712470
102,katsuura,35.1333,140.3,52.2,71,100,8.84,JP,1638712355
103,cabo san lucas,22.8909,-109.9124,74.52,71,40,8.05,MX,1638712357
104,dingle,10.9995,122.6711,72.88,89,68,7.63,PH,1638712377
105,cockburn town,21.4612,-71.1419,80.2,75,17,20.2,TC,1638712375
106,christchurch,-43.5333,172.6333,51.91,90,90,5.99,NZ,1638712471
107,smolenka,52.1352,113.4974,21.27,49,11,8.95,RU,1638712471
108,kokstad,-30.5472,29.4241,73.99,59,100,3.06,ZA,1638712365
109,chernyshevskiy,63.0128,112.4714,-25.67,100,89,4.5,RU,1638712471
110,ishigaki,24.3448,124.1572,71.74,65,10,20.09,JP,1638712352
111,alacranes,22.7675,-81.5675,73.81,67,0,6.89,CU,1638712471
112,port alfred,-33.5906,26.891,70.9,92,100,26.08,ZA,1638712357
113,srednekolymsk,67.45,153.6833,-47.69,100,66,4.88,RU,1638712373
114,kapaa,22.0752,-159.319,62.92,82,75,8.05,US,1638712346
115,hofn,64.2539,-15.2082,28.42,93,90,5.75,IS,1638712368
116,ocampo,21.65,-101.5,48.83,56,77,0.98,MX,1638712471
117,touros,-5.1989,-35.4608,88.7,60,8,17.16,BR,1638712471
118,auki,-8.7676,160.7034,77.88,87,100,3.38,SB,1638712351
119,cherskiy,68.75,161.3,-44.77,100,87,6.67,RU,1638712342
120,namibe,-15.1961,12.1522,78.01,60,71,12.66,AO,1638712471
121,rio cuarto,-33.1307,-64.3499,62.67,100,90,5.75,AR,1638712472
122,avera,33.194,-82.5271,53.47,81,0,1.41,US,1638712387
123,heze,35.2431,115.4411,45.59,50,0,8.34,CN,1638712290
124,chokurdakh,70.6333,147.9167,-42.48,100,58,4.21,RU,1638712233
125,coihaique,-45.5752,-72.0662,63.21,59,75,3.44,CL,1638712359
126,gorontalo,0.5412,123.0595,76.86,91,94,4.05,ID,1638712472
127,fortuna,40.5982,-124.1573,47.98,94,90,0.0,US,1638712369
128,bull savanna,17.8868,-77.5902,77.99,71,100,6.46,JM,1638712472
129,dawei,14.0833,98.2,65.25,62,33,7.43,MM,1638712473
130,adeje,28.1227,-16.726,70.9,44,20,1.01,ES,1638712204
131,emet,39.343,29.2585,52.65,74,56,5.32,TR,1638712473
132,san lazaro,18.0387,-88.6622,69.51,82,4,3.87,BZ,1638712474
133,kupang,-10.1667,123.5833,77.58,88,75,2.3,ID,1638712474
134,dilla,6.41,38.31,76.53,41,71,3.78,ET,1638712474
135,khani,41.9563,42.9566,45.97,63,79,4.92,GE,1638712474
136,tenango,18.65,-98.1833,50.83,63,0,3.83,MX,1638712474
137,shingu,33.7333,135.9833,50.2,71,99,5.66,JP,1638712474
138,awjilah,29.1081,21.2869,68.65,39,0,10.16,LY,1638712474
139,carmen,18.6333,-91.8333,77.04,83,1,0.0,MX,1638712474
140,banepa,27.6298,85.5214,59.32,82,40,4.61,NP,1638712383
141,chifeng,42.2683,118.9636,33.73,43,93,6.51,CN,1638712474
142,katherine,-14.4667,132.2667,77.32,88,100,9.22,AU,1638712474
143,yeppoon,-23.1333,150.7333,76.78,73,85,18.05,AU,1638712474
144,healdsburg,38.6105,-122.8692,51.08,80,93,3.38,US,1638712475
145,antofagasta,-23.65,-70.4,63.68,61,94,7.43,CL,1638712475
146,matamoros,25.5333,-103.25,63.05,46,100,3.06,MX,1638712475
147,kamenka,51.3223,42.7678,27.75,65,3,8.1,RU,1638712475
148,ibiruba,-28.6275,-53.0897,83.73,47,5,5.06,BR,1638712475
149,adrar,20.5022,-10.0711,74.43,12,100,15.46,MR,1638712475
150,nikolskoye,59.7035,30.7861,7.39,95,30,5.37,RU,1638712365
151,nyagan,62.1406,65.3936,-1.55,98,98,4.09,RU,1638712475
152,flinders,-34.5833,150.8552,62.2,78,100,6.08,AU,1638712365
153,longyearbyen,78.2186,15.6401,-2.6,95,51,2.48,SJ,1638712342
154,xining,36.6167,101.7667,30.94,33,3,2.04,CN,1638712476
155,port elizabeth,-33.918,25.5701,70.11,100,90,8.05,ZA,1638712225
156,tezu,27.9167,96.1667,67.05,60,21,3.76,IN,1638712476
157,komsomolskiy,40.4272,71.7189,44.02,70,100,2.3,UZ,1638712370
158,puebloviejo,10.9938,-74.2844,84.4,74,90,0.0,CO,1638712476
159,kahului,20.8947,-156.47,73.42,78,40,10.36,US,1638712125
160,shimoda,34.6667,138.95,48.11,82,100,13.29,JP,1638712380
161,sobolevo,54.4299,31.8996,21.92,97,19,3.53,RU,1638712476
162,gaya,24.7833,85.0,69.71,83,8,0.0,IN,1638712476
163,leningradskiy,69.3833,178.4167,-0.47,100,100,10.65,RU,1638712362
164,saint george,37.1041,-113.5841,45.54,55,1,0.0,US,1638712343
165,ballina,-28.8667,153.5667,66.38,95,75,9.22,AU,1638712477
166,saiha,22.4833,92.9667,66.67,91,98,2.28,IN,1638712477
167,stornoway,58.2093,-6.3865,42.04,72,75,0.0,GB,1638712231
168,ancud,-41.8697,-73.8203,63.93,68,6,5.99,CL,1638712352
169,castro,-24.7911,-50.0119,80.01,45,6,2.53,BR,1638712359
170,urucui,-7.2294,-44.5561,85.89,60,88,8.32,BR,1638712477
171,tymovskoye,50.8456,142.655,16.52,88,88,8.77,RU,1638712477
172,tasiilaq,65.6145,-37.6368,29.08,89,100,59.88,GL,1638712052
173,ribeira grande,38.5167,-28.7,66.6,63,40,11.5,PT,1638712344
174,north bend,43.4065,-124.2243,47.95,93,1,5.75,US,1638712378
175,kil,59.5072,13.314,19.29,86,90,6.91,SE,1638712478
176,coalinga,36.1397,-120.3602,46.65,93,0,1.86,US,1638712478
177,karabash,55.4808,60.2157,26.98,87,100,6.2,RU,1638712323
178,inverell,-29.7833,151.1167,63.66,84,34,1.99,AU,1638712478
179,humaita,-7.5061,-63.0208,75.52,97,100,1.54,BR,1638712478
180,henties bay,-22.116,14.2845,66.85,69,0,17.29,NA,1638712394
181,nome,64.5011,-165.4064,23.07,93,90,42.57,US,1638712365
182,huarmey,-10.0681,-78.1522,68.7,82,95,7.47,PE,1638712345
183,dangriga,16.9692,-88.2321,72.99,81,40,6.91,BZ,1638712478
184,bethel,41.3712,-73.414,42.15,60,1,0.0,US,1638712353
185,ponta do sol,32.6667,-17.1,72.01,58,36,4.45,PT,1638712367
186,bairiki,1.3292,172.9752,80.6,83,75,10.36,KI,1638712478
187,kruisfontein,-34.0033,24.7314,67.89,69,49,12.03,ZA,1638712369
188,mar del plata,-38.0023,-57.5575,64.42,86,75,8.01,AR,1638712282
189,lakes entrance,-37.8811,147.981,55.17,83,4,11.23,AU,1638712479
190,horta,38.5333,-28.6333,65.84,63,40,11.5,PT,1638712479
191,thompson,55.7435,-97.8558,-21.84,76,20,5.75,CA,1638712351
192,san patricio,28.017,-97.5169,73.26,92,85,6.2,US,1638712341
193,houma,29.5958,-90.7195,62.6,91,2,5.37,US,1638712479
194,necochea,-38.5473,-58.7368,65.03,52,28,5.12,AR,1638712363
195,ketchikan,55.3422,-131.6461,27.07,93,1,4.61,US,1638712353
196,sistranda,63.7256,8.834,26.56,65,96,12.03,NO,1638712479
197,mujiayingzi,42.1167,118.7833,32.94,45,99,7.63,CN,1638712479
198,mazyr,52.0495,29.2456,29.08,83,100,6.17,BY,1638712479
199,kankon,15.0167,74.0167,80.4,78,5,7.76,IN,1638712479
200,husavik,66.0449,-17.3389,35.51,79,100,18.34,IS,1638712279
201,portland,45.5234,-122.6762,40.95,90,1,1.01,US,1638712116
202,garissa,-0.4536,39.6401,87.84,48,97,4.88,KE,1638712368
203,san-pedro,4.7485,-6.6363,84.85,70,34,8.12,CI,1638712480
204,tegal,-6.8694,109.1402,81.7,78,100,13.4,ID,1638712480
205,fort nelson,58.8053,-122.7002,-22.41,76,1,9.22,CA,1638712480
206,zhigansk,66.7697,123.3711,-20.25,92,100,9.33,RU,1638712378
207,coquimbo,-29.9533,-71.3436,58.73,88,90,5.75,CL,1638712361
208,socorro,31.6546,-106.3033,55.09,53,20,4.61,US,1638712481
209,mastic beach,40.7668,-72.8521,44.13,60,93,3.0,US,1638712481
210,arraial do cabo,-22.9661,-42.0278,82.36,69,0,19.57,BR,1638712346
211,te anau,-45.4167,167.7167,42.93,97,100,4.0,NZ,1638712376
212,gewane,10.1664,40.6453,87.73,18,5,8.39,ET,1638712481
213,vaitape,-16.5167,-151.75,80.53,69,46,13.31,PF,1638712481
214,baghdad,33.3406,44.4009,64.31,34,75,13.8,IQ,1638712276
215,fasa,28.9383,53.6482,65.44,24,0,4.61,IR,1638712481
216,longonjo,-12.9067,15.2533,70.3,81,100,2.46,AO,1638712481
217,vanavara,60.34,102.2797,9.63,97,100,2.64,RU,1638712366
218,itupiranga,-5.1347,-49.3267,82.72,62,65,3.04,BR,1638712481
219,saint-augustin,51.226,-58.6502,20.7,60,29,8.19,CA,1638712381
220,buraydah,26.326,43.975,82.85,15,8,10.11,SA,1638712482
221,poum,-20.2333,164.0167,79.99,78,75,14.67,NC,1638712342
222,ormara,25.2088,64.6357,77.07,59,0,13.29,PK,1638712482
223,baykit,61.67,96.37,-0.17,97,100,2.62,RU,1638712345
224,rafaela,-31.2503,-61.4867,86.0,41,34,4.74,AR,1638712482
225,tiksi,71.6872,128.8694,-11.13,95,100,6.58,RU,1638712351
226,boulder city,35.9786,-114.8325,53.85,42,1,0.0,US,1638712482
227,arica,-18.475,-70.3042,69.35,68,90,8.05,CL,1638712482
228,cotia,-23.6704,-46.9472,80.83,40,56,2.51,BR,1638712482
229,harper,4.375,-7.7169,84.83,69,37,6.91,LR,1638712483
230,clyde river,70.4692,-68.5914,10.63,85,100,41.43,CA,1638712086
231,salinopolis,-0.6136,-47.3561,82.45,81,52,10.65,BR,1638712393
232,porto murtinho,-21.6989,-57.8825,81.95,62,100,2.08,BR,1638712483
233,mudanjiang,44.5833,129.6,20.73,88,13,6.26,CN,1638712339
234,mitu,1.1983,-70.1733,82.54,67,81,2.66,CO,1638712483
235,benguela,-12.5763,13.4055,84.09,70,88,8.97,AO,1638712483
236,saldanha,-33.0117,17.9442,68.05,75,9,11.23,ZA,1638712375
237,saint-joseph,-21.3667,55.6167,81.21,75,17,9.84,RE,1638712483
238,pinawa,50.1489,-95.8811,19.04,96,100,2.93,CA,1638712483
239,diffa,13.3154,12.6113,90.18,12,12,13.24,NE,1638712483
240,buala,-8.145,159.5921,79.66,85,100,6.4,SB,1638712484
241,mehamn,71.0357,27.8492,20.68,91,94,24.07,NO,1638712387
242,bardiyah,31.7561,25.0865,65.98,54,64,17.2,LY,1638712484
243,ciudad bolivar,8.1222,-63.5497,84.92,56,49,10.11,VE,1638712484
244,nguruka,-5.1092,31.0419,81.45,49,100,3.87,TZ,1638712484
245,mahebourg,-20.4081,57.7,84.49,65,40,11.5,MU,1638712336
246,eyl,7.9803,49.8164,79.81,65,89,23.29,SO,1638712393
247,vao,-22.6667,167.4833,76.23,84,100,21.27,NC,1638712363
248,faya,18.3851,42.4509,69.91,43,0,5.44,SA,1638712368
249,avarua,-21.2078,-159.775,78.85,89,75,5.75,CK,1638712344
250,quarai,-30.3875,-56.4514,83.77,41,0,11.48,BR,1638712484
251,bend,44.0582,-121.3153,41.09,78,1,3.0,US,1638712484
252,caravelas,-17.7125,-39.2481,84.09,56,25,7.34,BR,1638712379
253,yenagoa,4.9247,6.2642,89.29,60,100,1.3,NG,1638712485
254,sao felix do xingu,-6.6447,-51.995,77.13,95,100,1.72,BR,1638712371
255,araouane,18.9048,-3.5265,79.39,10,21,12.15,ML,1638712368
256,ostrovnoy,68.0531,39.5131,3.58,93,79,13.11,RU,1638712486
257,wohlen,47.3524,8.2788,41.7,90,59,8.01,CH,1638712486
258,ko samui,9.5357,99.9357,78.71,65,20,5.75,TH,1638712486
259,brooks,50.5834,-111.8851,11.03,83,100,20.71,CA,1638712486
260,rio gallegos,-51.6226,-69.2181,59.05,26,20,21.85,AR,1638712353
261,yumen,40.2833,97.2,32.34,43,100,20.42,CN,1638712487
262,alofi,-19.0595,-169.9187,76.89,94,14,6.91,NU,1638712347
263,osoyoos,49.0331,-119.4524,34.21,52,56,13.8,CA,1638712487
264,nuuk,64.1835,-51.7216,29.88,68,100,24.0,GL,1638712487
265,palana,59.1167,159.9667,16.66,87,100,30.51,RU,1638712487
266,cabedelo,-6.9811,-34.8339,88.47,66,16,15.23,BR,1638712387
267,balikpapan,-1.2675,116.8289,77.81,84,86,6.89,ID,1638712487
268,saint-leu,-21.15,55.2833,81.68,74,23,2.04,RE,1638712488
269,itoman,26.1247,127.6694,68.02,60,75,8.05,JP,1638712488
270,amahai,-3.3333,128.9167,79.45,83,98,4.7,ID,1638712488
271,corowa,-36.0333,146.3833,64.58,65,86,13.76,AU,1638712488
272,artvin,41.1667,41.8333,49.28,66,85,3.85,TR,1638712334
273,bhag,29.0415,67.8239,70.81,27,0,5.21,PK,1638712488
274,makakilo city,21.3469,-158.0858,69.28,87,90,4.61,US,1638712488
275,comala,19.3167,-103.75,71.17,73,20,6.91,MX,1638712489
276,barrow,71.2906,-156.7887,10.42,79,90,12.66,US,1638712342
277,pevek,69.7008,170.3133,-12.77,88,100,0.92,RU,1638712365
278,kurkino,53.4257,38.6582,27.82,75,20,4.81,RU,1638712490
279,bengkulu,-3.8004,102.2655,75.58,91,100,8.12,ID,1638712341
280,mecca,21.4267,39.8261,86.05,44,5,13.49,SA,1638712386
281,sayyan,15.1718,44.3244,63.82,14,0,9.73,YE,1638712490
282,khovu-aksy,51.1333,93.6,6.93,89,96,6.38,RU,1638712490
283,souillac,-20.5167,57.5167,84.58,65,40,11.5,MU,1638712341
284,burnie,-41.0667,145.9167,54.86,74,26,12.93,AU,1638712490
285,rawson,-43.3002,-65.1023,75.02,36,0,8.41,AR,1638712490
286,dawson creek,55.7666,-120.2362,-6.16,71,1,3.44,CA,1638712491
287,sitka,57.0531,-135.33,31.89,86,90,8.05,US,1638712374
288,buenos aires,-34.6132,-58.3772,73.08,84,40,10.36,AR,1638712429
289,sohag,26.557,31.6948,68.29,28,100,13.18,EG,1638712319
290,nhulunbuy,-12.2333,136.7667,81.21,89,95,4.61,AU,1638712368
291,gizo,-8.103,156.8419,82.63,76,100,4.18,SB,1638712491
292,yakeshi,49.2833,120.7333,7.34,96,40,6.64,CN,1638712491
293,zhangye,38.9342,100.4517,32.32,39,88,5.5,CN,1638712491
294,salisbury,51.0693,-1.7957,45.28,75,100,22.68,GB,1638712491
295,amapa,1.0,-52.0,81.1,79,74,3.65,BR,1638712491
296,prieska,-29.6641,22.7474,79.09,19,0,23.0,ZA,1638712491
297,narsaq,60.9167,-46.05,26.33,85,100,25.97,GL,1638712340
298,aksu,41.1231,80.2644,33.3,40,100,3.06,CN,1638712492
299,rio bueno,-40.3167,-72.9667,67.1,46,1,7.7,CL,1638712492
300,pavlivka,49.4414,28.4596,28.81,67,100,9.31,UA,1638712492
301,high level,58.5169,-117.136,-32.69,75,1,0.0,CA,1638712492
302,karratha,-20.7377,116.8463,89.65,40,67,21.12,AU,1638712492
303,thinadhoo,0.5333,72.9333,82.35,80,100,19.93,MV,1638712398
304,sarangani,5.4033,125.4636,82.85,74,79,7.47,PH,1638712492
305,okha,53.5739,142.9478,5.47,93,66,9.31,RU,1638712492
306,port macquarie,-31.4333,152.9167,64.36,80,98,7.9,AU,1638712492
307,beloha,-25.1667,45.05,92.01,26,0,15.35,MG,1638712355
308,matagami,49.7502,-77.6328,-2.09,84,40,5.75,CA,1638712493
309,bogorodskoye,56.55,37.8833,28.09,95,99,7.87,RU,1638712493
310,campoverde,-8.4753,-74.8058,76.69,80,100,2.82,PE,1638712493
311,cayenne,4.9333,-52.3333,80.1,87,75,3.0,GF,1638712390
312,kununurra,-15.7667,128.7333,78.78,83,75,5.75,AU,1638712493
313,ostrogozhsk,50.8664,39.0756,29.19,67,3,6.29,RU,1638712493
314,ust-kuyga,70.0167,135.6,-20.81,98,100,4.03,RU,1638712493
315,skibbereen,51.55,-9.2667,48.0,67,60,4.34,IE,1638712493
316,luanda,-8.8368,13.2343,86.0,70,20,10.36,AO,1638712372
317,jining,35.405,116.5814,43.9,52,0,8.01,CN,1638712493
318,gijon,43.5357,-5.6615,55.83,81,100,5.99,ES,1638712286
319,tumbes,-3.5667,-80.4414,73.0,71,97,4.54,PE,1638712494
320,miltenberg,49.7039,9.2644,44.1,86,99,1.99,DE,1638712442
321,cairns,-16.9167,145.7667,78.75,78,5,8.05,AU,1638712494
322,tarata,-17.6167,-66.0167,53.02,60,100,0.2,BO,1638712494
323,norman wells,65.282,-126.8329,-36.36,61,20,4.61,CA,1638712343
324,kyren,51.6828,102.1408,15.03,80,39,3.0,RU,1638712494
325,tura,25.5198,90.2201,66.83,81,100,2.75,IN,1638712342
326,fairbanks,64.8378,-147.7164,-7.64,77,90,0.0,US,1638712105
327,portsmouth,50.799,-1.0913,45.5,86,100,10.0,GB,1638712223
328,luderitz,-26.6481,15.1594,69.1,65,0,18.3,NA,1638712341
329,arrecife,28.963,-13.5477,69.87,56,20,25.32,ES,1638712456
330,cap malheureux,-19.9842,57.6142,84.69,67,18,8.01,MU,1638712494
331,bolshaya rechka,51.9503,104.7355,14.27,89,44,5.1,RU,1638712495
332,airai,-8.9266,125.4092,62.76,93,100,0.69,TL,1638712370
333,porto belo,-27.1578,-48.5531,82.18,70,58,8.68,BR,1638712495
334,palora,-1.7,-77.9333,69.91,74,95,1.48,EC,1638712495
335,haines junction,60.7522,-137.5108,-12.96,99,100,0.69,CA,1638712339
336,eureka,40.8021,-124.1637,48.92,95,29,3.8,US,1638712495
337,nioro,13.35,-15.75,99.36,10,100,9.17,GM,1638712495
338,kalmunai,7.4167,81.8167,79.77,80,1,4.63,LK,1638712495
339,gorin,51.1983,136.6669,2.82,96,89,6.67,RU,1638712495
340,tashtyp,52.7939,89.8983,13.77,95,97,4.61,RU,1638712495
341,lujiang,31.2581,117.2817,48.25,42,0,1.1,CN,1638712496
342,salym,60.0625,71.4789,4.68,98,100,4.32,RU,1638712496
343,olinda,-8.0089,-34.8553,85.73,66,40,9.22,BR,1638712496
344,kosh-agach,50.0,88.6667,9.36,67,99,1.72,RU,1638712496
345,olafsvik,64.8945,-23.7142,39.25,92,100,51.4,IS,1638712498
346,mwene-ditu,-7.0,23.45,82.94,55,68,5.08,CD,1638712498
347,provideniya,64.3833,-173.3,32.16,97,100,22.03,RU,1638712355
348,ixhuatan,16.3569,-94.4825,77.16,70,0,7.76,MX,1638712498
349,rocha,-34.4833,-54.3333,70.81,80,53,6.96,UY,1638712143
350,rio tinto,41.1826,-8.5581,57.11,73,20,11.99,PT,1638712498
351,biak,-0.9131,122.8766,78.3,78,100,2.84,ID,1638712355
352,hobyo,5.3505,48.5268,80.62,68,6,17.9,SO,1638712499
353,ghanzi,-21.5667,21.7833,82.65,40,100,20.36,BW,1638712249
354,batticaloa,7.7102,81.6924,80.37,80,0,6.49,LK,1638712499
355,taoudenni,22.6783,-3.9836,71.73,13,100,12.59,ML,1638712347
356,pietarsaari,63.65,22.6833,8.89,94,20,4.81,FI,1638712499
357,goderich,43.7501,-81.7165,30.9,69,100,4.61,CA,1638712392
358,kijang,35.2442,129.2139,42.53,65,52,4.29,KR,1638712499
359,sisimiut,66.9395,-53.6735,27.72,76,98,11.32,GL,1638712342
360,londoko,49.0333,131.9833,9.41,95,100,0.94,RU,1638712499
361,broken hill,-31.95,141.4333,71.31,30,100,6.91,AU,1638712499
362,verkhnetulomskiy,68.6073,31.7962,-5.24,99,59,4.61,RU,1638712500
363,bereda,43.2686,-7.5406,54.0,97,100,5.01,ES,1638712501
364,lieksa,63.3167,30.0167,9.37,95,89,5.39,FI,1638712501
365,aguimes,27.9054,-15.4461,68.67,60,20,19.57,ES,1638712501
366,nenjiang,49.1833,125.2167,4.62,97,31,2.06,CN,1638712501
367,hamilton,39.1834,-84.5333,39.04,70,90,1.99,US,1638712501
368,lavrentiya,65.5833,-171.0,29.62,97,100,31.81,RU,1638712501
369,acuitzio,20.345,-101.9771,52.29,53,16,2.17,MX,1638712501
370,crestview,30.7621,-86.5705,60.28,100,90,0.0,US,1638712502
371,jaswantnagar,26.8786,78.9028,70.57,47,24,2.57,IN,1638712502
372,severo-kurilsk,50.6789,156.125,28.98,64,96,27.83,RU,1638712360
373,westport,41.1415,-73.3579,43.92,56,80,1.99,US,1638712502
374,miranda,3.2499,-76.2281,75.33,72,88,3.27,CO,1638712502
375,storforshei,66.4043,14.5233,11.98,52,0,6.91,NO,1638712502
376,aklavik,68.2191,-135.0107,-13.97,82,99,5.37,CA,1638712502
377,kaeo,-35.1,173.7833,69.33,94,39,6.6,NZ,1638712502
378,kaduna,10.5222,7.4383,94.51,17,10,5.93,NG,1638712265
379,hami,42.8,93.45,31.5,46,49,4.47,CN,1638712502
380,moose factory,51.2585,-80.6094,-4.0,77,1,10.36,CA,1638712502
381,yuli,9.6989,10.2744,97.66,15,18,9.71,NG,1638712502
382,barra patuca,15.8,-84.2833,78.3,83,20,3.89,HN,1638712503
383,kanevskaya,46.0849,38.9596,45.55,83,100,10.58,RU,1638712503
384,padang,-0.9492,100.3543,75.25,86,100,3.42,ID,1638712503
385,sorland,67.667,12.6934,21.27,66,53,9.01,NO,1638712503
386,vysotsk,60.6288,28.5705,2.86,94,53,11.43,RU,1638712503
387,halluin,50.7863,3.1261,47.84,95,75,3.49,FR,1638712503
388,jinchang,38.4953,102.1739,31.68,32,60,3.47,CN,1638712503
389,ban phai,16.06,102.731,70.02,52,34,8.01,TH,1638712503
390,banda aceh,5.5577,95.3222,78.73,82,63,10.11,ID,1638712503
391,cacapava do sul,-30.5122,-53.4914,71.6,65,89,7.92,BR,1638712504
392,krasnystaw,50.9846,23.1742,34.0,96,96,7.0,PL,1638712504
393,korla,41.7597,86.1469,34.11,39,100,0.4,CN,1638712504
394,carutapera,-1.195,-46.02,83.73,75,37,9.35,BR,1638712504
395,bilibino,68.0546,166.4372,-14.94,98,100,2.93,RU,1638712504
396,nelson bay,-32.7167,152.15,66.99,82,18,1.01,AU,1638712504
397,hay river,60.8156,-115.7999,-22.02,69,1,2.3,CA,1638712504
398,noyabrsk,63.1994,75.4507,-11.56,95,75,12.44,RU,1638712504
399,simoes,-7.5989,-40.8178,86.76,49,49,9.6,BR,1638712504
400,mpongwe,-13.5091,28.155,95.9,14,2,4.65,ZM,1638712505
401,mayna,54.1135,47.6231,25.9,83,100,2.55,RU,1638712505
402,gubkinskiy,64.434,76.5026,-22.99,97,35,8.37,RU,1638712505
403,fairhope,30.523,-87.9033,63.01,97,20,0.0,US,1638712505
404,kangasala,61.4638,24.076,1.67,84,7,8.21,FI,1638712505
405,fare,-16.7,-151.0167,80.42,69,28,14.07,PF,1638712369
406,half moon bay,37.4636,-122.4286,52.32,93,90,4.61,US,1638712505
407,lima,-12.0432,-77.0282,68.9,81,90,5.75,PE,1638712500
408,canaries,28.0,-15.5,64.4,60,20,19.57,ES,1638712505
409,peterhead,57.5058,-1.7981,42.12,61,100,13.91,GB,1638712505
410,plymouth,41.8334,-70.8328,43.16,63,63,1.01,US,1638712505
411,ponta delgada,37.7333,-25.6667,68.5,55,20,8.05,PT,1638712505
412,port hedland,-20.3167,118.5667,89.65,48,29,13.8,AU,1638712506
413,jurbise,50.5332,3.9108,44.37,91,90,1.14,BE,1638712506
414,belomorsk,64.5232,34.7668,22.96,83,100,7.25,RU,1638712507
415,scottsboro,34.6723,-86.0341,59.4,93,92,2.71,US,1638712288
416,port lincoln,-34.7333,135.8667,58.86,84,36,5.7,AU,1638712507
417,liverpool,53.4106,-2.9779,45.28,80,75,7.0,GB,1638712219
418,nakamura,32.9833,132.9333,45.9,80,73,2.75,JP,1638712508
419,acari,-15.4311,-74.6158,73.94,69,100,5.7,PE,1638712508
420,asyut,27.181,31.1837,69.98,33,100,11.52,EG,1638712379
421,lohja,60.2486,24.0653,6.19,86,6,7.4,FI,1638712508
422,hauterive,46.0901,3.4459,43.56,80,100,11.43,FR,1638712508
423,havelock,34.8791,-76.9013,58.95,87,97,4.0,US,1638712509
424,richards bay,-28.783,32.0377,87.64,60,27,12.48,ZA,1638712260
425,coahuayana,18.7333,-103.6833,78.28,78,69,3.02,MX,1638712363
426,usinsk,65.9939,57.5281,-10.82,89,96,3.29,RU,1638712509
427,altamont,42.2068,-121.7372,36.79,88,100,3.0,US,1638712509
428,zhangjiakou,40.81,114.8794,31.5,45,41,7.52,CN,1638712509
429,suez,29.9737,32.5263,67.8,41,0,13.49,EG,1638712509
430,changying,52.8733,123.3213,4.03,97,92,4.07,CN,1638712509
431,port blair,11.6667,92.75,80.01,73,42,11.36,IN,1638712510
432,kieta,-6.2167,155.6333,79.48,84,100,3.6,PG,1638712510
433,klaksvik,62.2266,-6.589,34.72,54,54,6.58,FO,1638712510
434,gazanjyk,39.2446,55.5154,50.77,55,20,13.29,TM,1638712510
435,grindavik,63.8424,-22.4338,39.67,87,90,52.93,IS,1638712510
436,bubaque,11.2833,-15.8333,81.27,60,35,5.68,GW,1638712510
437,diamantino,-14.4086,-56.4461,82.0,77,100,5.39,BR,1638712510
438,san angelo,31.4638,-100.437,61.97,68,75,4.61,US,1638712511
439,sao joao da barra,-21.6403,-41.0511,82.49,74,0,8.39,BR,1638712511
440,beringovskiy,63.05,179.3167,8.51,84,100,46.93,RU,1638712511
441,oparino,59.8518,48.2783,0.09,98,100,4.97,RU,1638712511
442,saint anthony,45.0205,-93.218,31.3,78,90,7.0,US,1638712511
443,elliot lake,46.3834,-82.6331,21.29,67,100,3.98,CA,1638712511
444,ozinki,51.1786,49.6769,32.47,100,100,9.1,RU,1638712511
445,moron,-34.6534,-58.6198,73.09,81,90,5.99,AR,1638712511
446,luwuk,-0.9516,122.7875,79.03,81,100,3.29,ID,1638712511
447,whitehorse,60.7161,-135.0538,-13.7,75,90,15.99,CA,1638712511
448,galle,6.0367,80.217,80.73,81,29,4.63,LK,1638712511
449,lixourion,38.2019,20.4314,59.43,77,71,11.3,GR,1638712361
450,aksarka,66.5606,67.7975,-24.05,99,71,10.92,RU,1638712386
451,ingham,42.6,-84.3833,34.0,69,90,5.75,US,1638712512
452,los llanos de aridane,28.6585,-17.9182,66.13,57,75,8.99,ES,1638712512
453,krasnoselkup,65.7,82.4667,-36.63,100,28,3.11,RU,1638712512
454,hit,33.6416,42.8251,62.8,24,51,9.71,IQ,1638712512
455,kautokeino,69.0125,23.0412,-18.83,100,100,4.94,NO,1638712512
456,ahipara,-35.1667,173.1667,65.48,95,29,9.37,NZ,1638712512
457,hailar,49.2,119.7,18.1,83,10,14.76,CN,1638712512
458,elko,41.0002,-115.5012,40.64,44,10,20.0,US,1638712512
459,mogadishu,2.0371,45.3438,84.07,74,0,17.27,SO,1638712512
460,ipixuna,-1.7625,-48.8043,84.15,54,29,5.03,BR,1638712513
461,arman,59.7,150.1667,-14.67,97,37,6.89,RU,1638712513
462,mareeba,-17.0,145.4333,74.12,88,2,2.57,AU,1638712513
463,trat,12.5,102.5,66.97,78,100,6.15,TH,1638712513
464,kavaratti,10.5669,72.642,82.0,72,17,15.14,IN,1638712513
465,izhma,65.0083,53.9113,5.11,97,100,0.85,RU,1638712513
466,xinqing,48.2333,129.5,28.08,88,100,9.71,CN,1638712513
467,kudahuvadhoo,2.6708,72.8944,82.78,74,93,15.77,MV,1638712513
468,along,28.1667,94.7667,61.16,78,12,1.77,IN,1638712513
469,kaitangata,-46.2817,169.8464,49.93,75,96,4.76,NZ,1638712361
470,slonim,53.0867,25.3219,29.08,75,100,5.12,BY,1638712513
471,magan,39.9683,-3.931,56.28,48,19,17.31,ES,1638712472
472,civitavecchia,42.0933,11.7967,58.82,57,23,6.85,IT,1638712513
473,monywa,22.1167,95.1333,71.83,74,63,6.22,MM,1638712514
474,marawi,7.9986,124.2928,67.64,97,100,3.44,PH,1638712514
475,caribou,46.8606,-68.012,21.29,79,90,5.75,US,1638712514
476,nanakuli,21.3906,-158.1547,70.7,88,90,4.61,US,1638712514
477,holoby,51.0865,25.0077,32.05,84,100,6.4,UA,1638712514
478,ixtapa,20.7,-105.2,71.22,85,98,2.59,MX,1638712514
479,manavalakurichi,8.1333,77.3,84.29,81,85,7.63,IN,1638712358
480,acapulco,16.8634,-99.8901,75.02,88,1,6.91,MX,1638712514
481,erfurt,50.9833,11.0333,42.98,77,75,1.99,DE,1638712246
482,khorramabad,33.4878,48.3558,53.71,23,100,1.63,IR,1638712514
483,gornopravdinsk,60.05,69.9,-0.72,99,90,4.43,RU,1638712514
484,lazaro cardenas,17.9583,-102.2,75.02,80,5,2.68,MX,1638712514
485,san rafael,-34.6177,-68.3301,69.82,51,1,7.16,AR,1638712515
486,bloomingdale,27.8936,-82.2404,65.05,89,75,1.01,US,1638712515
487,kibala,9.1104,18.3463,100.35,22,0,11.5,TD,1638712515
488,severnoye,56.3491,78.3619,28.76,91,76,13.62,RU,1638712515
489,kaputa,-8.4689,29.6619,83.17,47,73,3.06,ZM,1638712515
490,takaoka,36.75,137.0167,36.18,91,6,2.01,JP,1638712515
491,hirara,24.8,125.2833,70.16,68,39,19.06,JP,1638712515
492,polyarnyy,69.1989,33.4478,7.9,88,53,23.22,RU,1638712321
493,erzurum,40.0,41.5,26.28,83,3,3.67,TR,1638712473
494,klyavlino,54.2649,52.0267,24.78,93,100,2.77,RU,1638712515
495,talnakh,69.4865,88.3972,-23.8,97,100,13.0,RU,1638712377
496,turukhansk,65.8167,87.9833,-39.01,100,32,4.45,RU,1638712516
497,abbeville,50.1,1.8333,46.36,77,61,12.15,FR,1638712285
498,williston,48.147,-103.618,25.21,87,96,5.01,US,1638712517
499,paris,48.8534,2.3488,43.5,93,75,5.01,FR,1638712513
500,raudeberg,61.9875,5.1352,34.86,88,100,5.01,NO,1638712518
501,paka,4.6374,103.4368,76.98,88,90,2.3,MY,1638712518
502,campbell river,50.0163,-125.2446,35.13,80,100,4.88,CA,1638712518
503,tuy hoa,13.0833,109.3,71.2,90,97,11.34,VN,1638712518
504,la belgica,-17.55,-63.2167,75.49,88,75,13.8,BO,1638712518
505,vardo,70.3705,31.1107,18.73,76,14,25.19,NO,1638712518
506,galveston,29.3669,-94.9669,68.97,95,10,7.61,US,1638712519
507,daru,-9.0763,143.2092,80.31,80,100,4.7,PG,1638712519
508,emba,48.8264,58.1442,27.7,73,100,4.72,KZ,1638712519
509,songjianghe,42.1859,127.479,29.48,81,26,9.86,CN,1638712519
510,batesville,35.7698,-91.641,53.29,77,90,3.0,US,1638712519
511,san andres,12.5847,-81.7006,82.42,78,40,12.66,CO,1638712519
512,lindome,57.5667,12.0833,25.09,84,75,11.01,SE,1638712519
513,zhanaozen,43.3,52.8,44.11,52,100,13.27,KZ,1638712519
514,gbarnga,6.9956,-9.4722,93.02,42,10,1.19,LR,1638712519
515,kismayo,-0.3582,42.5454,82.63,69,80,13.04,SO,1638712519
516,batagay,67.6333,134.6333,-18.58,99,100,0.4,RU,1638712519
517,amarante do maranhao,-5.5667,-46.7422,82.4,71,82,5.08,BR,1638712519
518,berlevag,70.8578,29.0864,17.4,87,67,22.88,NO,1638712519
519,severobaykalsk,55.65,109.3167,15.12,76,86,6.89,RU,1638712342
520,sal rei,16.1833,-22.9167,77.2,69,40,20.71,CV,1638712520
521,ifakara,-8.1333,36.6833,78.46,76,99,10.83,TZ,1638712520
522,sabang,5.8933,95.3214,81.9,74,98,12.95,ID,1638712374
523,moyobamba,-6.05,-76.9667,71.91,88,100,2.55,PE,1638712520
524,bata,1.8639,9.7658,83.64,74,100,7.76,GQ,1638712520
525,natal,-5.795,-35.2094,88.45,62,40,18.41,BR,1638712501
526,great falls,47.5002,-111.3008,22.41,78,75,5.75,US,1638712520
527,dong hoi,17.4833,106.6,67.42,67,98,10.47,VN,1638712520
528,nurpur,29.15,78.4167,68.52,45,83,2.57,IN,1638712520
529,formosa,-26.1775,-58.1781,84.18,58,0,6.91,AR,1638712521
530,charters towers,-20.1,146.2667,75.58,71,0,14.14,AU,1638712367
531,salo,45.6086,10.531,49.86,72,68,4.07,IT,1638712521
532,chara,56.9064,118.2631,5.5,81,100,3.89,RU,1638712521
533,mandiana,10.6333,-8.6833,96.6,11,49,7.38,GN,1638712521
534,camargo,27.6667,-105.1667,61.09,53,100,2.39,MX,1638712521
535,weinan,34.5036,109.5089,33.49,42,2,1.66,CN,1638712335
536,gat,31.61,34.7642,64.78,26,6,15.48,IL,1638712521
537,tecoanapa,16.5167,-98.75,75.65,68,0,3.6,MX,1638712521
538,den helder,52.9599,4.7593,43.07,94,75,8.99,NL,1638712521
539,kangaatsiaq,68.3065,-53.4641,32.85,74,100,4.36,GL,1638712521
540,vostok,46.4856,135.8833,9.7,90,5,5.82,RU,1638712521
541,weligama,5.9667,80.4167,79.41,85,49,4.21,LK,1638712521
542,nishihara,26.1842,127.7558,67.28,60,75,8.05,JP,1638712522
543,sena madureira,-9.0656,-68.6569,75.63,95,100,1.54,BR,1638712522
544,bida,9.0833,6.0167,100.6,16,99,1.68,NG,1638712522
545,ongandjera,-17.8833,15.0667,92.21,24,14,7.61,NA,1638712522
546,venezuela,8.0,-66.0,84.81,54,25,15.14,VE,1638712522
547,am timan,11.0297,20.2827,97.7,13,92,4.83,TD,1638712522
548,brigham city,41.5102,-112.0155,47.8,60,1,1.99,US,1638712522
549,porto santo,33.072,-16.3415,71.31,68,40,17.27,PT,1638712522
550,aykhal,66.0,111.5,-26.59,98,98,11.83,RU,1638712398
551,nova olimpia,-14.7972,-57.2881,84.18,74,100,2.86,BR,1638712522
552,nizhniy baskunchak,48.2198,46.8311,44.29,91,100,8.68,RU,1638712523
553,codrington,-38.2667,141.9667,47.86,89,0,5.77,AU,1638712523
554,praya,14.9215,-23.5087,79.34,57,0,23.02,CV,1638712523
555,muisne,0.6,-80.0333,75.0,85,100,12.75,EC,1638712523
556,hoi an,15.8794,108.335,69.76,84,100,10.83,VN,1638712523
